Summary,Issue key,Issue id,Issue Type,Status,Project key,Project name,Project type,Project lead,Project lead id,Project description,Priority,Resolution,Assignee,Assignee Id,Reporter,Reporter Id,Creator,Creator Id,Created,Updated,Last Viewed,Resolved,Due date,Votes,Description,Environment,Watchers,Watchers Id,Original estimate,Remaining Estimate,Time Spent,Work Ratio,Σ Original Estimate,Σ Remaining Estimate,Σ Time Spent,Security Level,Custom field (Development),Custom field (Issue color),Custom field (Rank),Sprint,Sprint,Custom field (Start date),Custom field (Story point estimate),Custom field (Team),Custom field (Vulnerability),Status Category,Status Category Changed
QA-S2-03: Bug template ,SBS-377,10483,Feature,Done,SBS,Sprint_Backlog_SmartSpend,software,tranvinhtri2705,712020:9712f75f-c53b-43bc-94e9-d5939d878070,,Medium,Done,Bùi Quang Hiếu,712020:8598f7d9-9974-4bb0-afd5-f34c02905b33,tranvinhtri2705,712020:9712f75f-c53b-43bc-94e9-d5939d878070,tranvinhtri2705,712020:9712f75f-c53b-43bc-94e9-d5939d878070,15/Jul/26 2:58 PM,15/Jul/26 3:51 PM,15/Jul/26 3:42 PM,15/Jul/26 3:51 PM,,0,,,tranvinhtri2705,712020:9712f75f-c53b-43bc-94e9-d5939d878070,,,,,,,,,,,0|i0029k:b,SPRINT 2,SPRINT 3,,1.0,,,Done,15/Jul/26 3:51 PM
QA-S2-02: Test forgot password ,SBS-373,10479,Feature,Done,SBS,Sprint_Backlog_SmartSpend,software,tranvinhtri2705,712020:9712f75f-c53b-43bc-94e9-d5939d878070,,Medium,Done,Bùi Quang Hiếu,712020:8598f7d9-9974-4bb0-afd5-f34c02905b33,tranvinhtri2705,712020:9712f75f-c53b-43bc-94e9-d5939d878070,tranvinhtri2705,712020:9712f75f-c53b-43bc-94e9-d5939d878070,15/Jul/26 2:57 PM,15/Jul/26 3:51 PM,15/Jul/26 3:50 PM,15/Jul/26 3:51 PM,,0,,,tranvinhtri2705,712020:9712f75f-c53b-43bc-94e9-d5939d878070,,,,,,,,,,,0|i0029k:d,SPRINT 2,SPRINT 3,,2.0,,,Done,15/Jul/26 3:51 PM
QA-S2-01: Test OTP ,SBS-369,10475,Feature,Done,SBS,Sprint_Backlog_SmartSpend,software,tranvinhtri2705,712020:9712f75f-c53b-43bc-94e9-d5939d878070,,Medium,Done,Bùi Quang Hiếu,712020:8598f7d9-9974-4bb0-afd5-f34c02905b33,tranvinhtri2705,712020:9712f75f-c53b-43bc-94e9-d5939d878070,tranvinhtri2705,712020:9712f75f-c53b-43bc-94e9-d5939d878070,15/Jul/26 2:57 PM,15/Jul/26 3:43 PM,15/Jul/26 3:41 PM,15/Jul/26 3:43 PM,,0,,,tranvinhtri2705,712020:9712f75f-c53b-43bc-94e9-d5939d878070,,,,,,,,,,,0|i002hs:,SPRINT 2,,,2.0,,,Done,15/Jul/26 3:43 PM
FE-S2-04: Tab skeleton ,SBS-361,10467,Feature,Done,SBS,Sprint_Backlog_SmartSpend,software,tranvinhtri2705,712020:9712f75f-c53b-43bc-94e9-d5939d878070,,Medium,Done,Quang Nguyễn,712020:52fd5a54-b2c3-407c-a5ad-9ab2de255e65,tranvinhtri2705,712020:9712f75f-c53b-43bc-94e9-d5939d878070,tranvinhtri2705,712020:9712f75f-c53b-43bc-94e9-d5939d878070,15/Jul/26 2:56 PM,15/Jul/26 3:41 PM,15/Jul/26 3:41 PM,15/Jul/26 3:41 PM,,0,,,tranvinhtri2705,712020:9712f75f-c53b-43bc-94e9-d5939d878070,,,,,,,,,,,0|i002ht:,SPRINT 2,,,2.0,,,Done,15/Jul/26 3:41 PM
FE-S2-03: Auth guard ,SBS-356,10462,Feature,Done,SBS,Sprint_Backlog_SmartSpend,software,tranvinhtri2705,712020:9712f75f-c53b-43bc-94e9-d5939d878070,,Medium,Done,Quang Nguyễn,712020:52fd5a54-b2c3-407c-a5ad-9ab2de255e65,tranvinhtri2705,712020:9712f75f-c53b-43bc-94e9-d5939d878070,tranvinhtri2705,712020:9712f75f-c53b-43bc-94e9-d5939d878070,15/Jul/26 2:56 PM,15/Jul/26 3:41 PM,15/Jul/26 3:40 PM,15/Jul/26 3:41 PM,,0,,,tranvinhtri2705,712020:9712f75f-c53b-43bc-94e9-d5939d878070,,,,,,,,,,,0|i002hv:,SPRINT 2,,,2.0,,,Done,15/Jul/26 3:41 PM
FE-S2-02: Forgot password ,SBS-345,10451,Feature,Done,SBS,Sprint_Backlog_SmartSpend,software,tranvinhtri2705,712020:9712f75f-c53b-43bc-94e9-d5939d878070,,Medium,Done,TrungHoang lê,712020:55551c28-ba57-4442-a23d-17b4aa99887f,tranvinhtri2705,712020:9712f75f-c53b-43bc-94e9-d5939d878070,tranvinhtri2705,712020:9712f75f-c53b-43bc-94e9-d5939d878070,15/Jul/26 2:55 PM,15/Jul/26 3:40 PM,15/Jul/26 3:39 PM,15/Jul/26 3:40 PM,,0,,,tranvinhtri2705,712020:9712f75f-c53b-43bc-94e9-d5939d878070,,,,,,,,,,,0|i002j7:,SPRINT 2,,,3.0,,,Done,15/Jul/26 3:40 PM
FE-S2-01: Màn OTP ,SBS-339,10445,Feature,Done,SBS,Sprint_Backlog_SmartSpend,software,tranvinhtri2705,712020:9712f75f-c53b-43bc-94e9-d5939d878070,,Medium,Done,Trường Giang Nguyễn,712020:87ac96f3-d706-4853-927a-b435d5d18746,tranvinhtri2705,712020:9712f75f-c53b-43bc-94e9-d5939d878070,tranvinhtri2705,712020:9712f75f-c53b-43bc-94e9-d5939d878070,15/Jul/26 2:54 PM,15/Jul/26 3:40 PM,15/Jul/26 3:40 PM,15/Jul/26 3:40 PM,,0,,,tranvinhtri2705,712020:9712f75f-c53b-43bc-94e9-d5939d878070,,,,,,,,,,,0|i002iz:,SPRINT 2,,,2.0,,,Done,15/Jul/26 3:40 PM
BE-S2-03: GET /users/me,SBS-332,10438,Feature,Done,SBS,Sprint_Backlog_SmartSpend,software,tranvinhtri2705,712020:9712f75f-c53b-43bc-94e9-d5939d878070,,Medium,Done,tranvinhtri2705,712020:9712f75f-c53b-43bc-94e9-d5939d878070,tranvinhtri2705,712020:9712f75f-c53b-43bc-94e9-d5939d878070,tranvinhtri2705,712020:9712f75f-c53b-43bc-94e9-d5939d878070,15/Jul/26 2:54 PM,15/Jul/26 3:38 PM,15/Jul/26 3:38 PM,15/Jul/26 3:38 PM,,0,,,tranvinhtri2705,712020:9712f75f-c53b-43bc-94e9-d5939d878070,,,,,,,,,,,0|i002j3:,SPRINT 2,,,1.0,,,Done,15/Jul/26 3:38 PM
BE-S2-02: Verify OTP + Reset password,SBS-326,10432,Feature,Done,SBS,Sprint_Backlog_SmartSpend,software,tranvinhtri2705,712020:9712f75f-c53b-43bc-94e9-d5939d878070,,Medium,Done,tranvinhtri2705,712020:9712f75f-c53b-43bc-94e9-d5939d878070,tranvinhtri2705,712020:9712f75f-c53b-43bc-94e9-d5939d878070,tranvinhtri2705,712020:9712f75f-c53b-43bc-94e9-d5939d878070,15/Jul/26 2:53 PM,15/Jul/26 3:37 PM,,15/Jul/26 3:37 PM,,0,,,tranvinhtri2705,712020:9712f75f-c53b-43bc-94e9-d5939d878070,,,,,,,,,,,0|i002hr:,SPRINT 2,,,3.0,,,Done,15/Jul/26 3:37 PM
BE-S2-01: OTP email,SBS-321,10427,Feature,Done,SBS,Sprint_Backlog_SmartSpend,software,tranvinhtri2705,712020:9712f75f-c53b-43bc-94e9-d5939d878070,,Medium,Done,tranvinhtri2705,712020:9712f75f-c53b-43bc-94e9-d5939d878070,tranvinhtri2705,712020:9712f75f-c53b-43bc-94e9-d5939d878070,tranvinhtri2705,712020:9712f75f-c53b-43bc-94e9-d5939d878070,15/Jul/26 2:52 PM,15/Jul/26 3:37 PM,,15/Jul/26 3:37 PM,,0,,,tranvinhtri2705,712020:9712f75f-c53b-43bc-94e9-d5939d878070,,,,,,,,,,,0|i002gn:,SPRINT 2,,,3.0,,,Done,15/Jul/26 3:37 PM
QA-S1-03: Smoke checklist ,SBS-314,10420,Feature,Done,SBS,Sprint_Backlog_SmartSpend,software,tranvinhtri2705,712020:9712f75f-c53b-43bc-94e9-d5939d878070,,Medium,Done,Bùi Quang Hiếu,712020:8598f7d9-9974-4bb0-afd5-f34c02905b33,tranvinhtri2705,712020:9712f75f-c53b-43bc-94e9-d5939d878070,tranvinhtri2705,712020:9712f75f-c53b-43bc-94e9-d5939d878070,15/Jul/26 2:50 PM,15/Jul/26 3:34 PM,,15/Jul/26 3:31 PM,,0,,,tranvinhtri2705,712020:9712f75f-c53b-43bc-94e9-d5939d878070,,,,,,,,,,,0|i000hv:,SPRINT 1,,,1.0,,,Done,15/Jul/26 3:31 PM
QA-S1-02: Test case Auth (2 SP),SBS-304,10410,Feature,Done,SBS,Sprint_Backlog_SmartSpend,software,tranvinhtri2705,712020:9712f75f-c53b-43bc-94e9-d5939d878070,,Medium,Done,Bùi Quang Hiếu,712020:8598f7d9-9974-4bb0-afd5-f34c02905b33,tranvinhtri2705,712020:9712f75f-c53b-43bc-94e9-d5939d878070,tranvinhtri2705,712020:9712f75f-c53b-43bc-94e9-d5939d878070,15/Jul/26 2:49 PM,15/Jul/26 3:19 PM,,15/Jul/26 3:19 PM,,0,,,tranvinhtri2705,712020:9712f75f-c53b-43bc-94e9-d5939d878070,,,,,,,,,,,0|i0017l:i,SPRINT 1,,,2.0,,,Done,15/Jul/26 3:19 PM
QA-S1-01: Test Plan v1,SBS-300,10406,Feature,Done,SBS,Sprint_Backlog_SmartSpend,software,tranvinhtri2705,712020:9712f75f-c53b-43bc-94e9-d5939d878070,,Medium,Done,Bùi Quang Hiếu,712020:8598f7d9-9974-4bb0-afd5-f34c02905b33,tranvinhtri2705,712020:9712f75f-c53b-43bc-94e9-d5939d878070,tranvinhtri2705,712020:9712f75f-c53b-43bc-94e9-d5939d878070,15/Jul/26 2:48 PM,15/Jul/26 3:19 PM,,15/Jul/26 3:19 PM,,0,,,tranvinhtri2705,712020:9712f75f-c53b-43bc-94e9-d5939d878070,,,,,,,,,,,0|i0017m:,SPRINT 1,,,2.0,,,Done,15/Jul/26 3:19 PM
QA-S3-03: Regression,SBS-299,10405,Feature,Done,SBS,Sprint_Backlog_SmartSpend,software,tranvinhtri2705,712020:9712f75f-c53b-43bc-94e9-d5939d878070,,Medium,Done,Bùi Quang Hiếu,712020:8598f7d9-9974-4bb0-afd5-f34c02905b33,Bùi Quang Hiếu,712020:8598f7d9-9974-4bb0-afd5-f34c02905b33,Bùi Quang Hiếu,712020:8598f7d9-9974-4bb0-afd5-f34c02905b33,15/Jul/26 2:48 PM,15/Jul/26 3:51 PM,15/Jul/26 3:51 PM,15/Jul/26 3:51 PM,,0,,,Bùi Quang Hiếu,712020:8598f7d9-9974-4bb0-afd5-f34c02905b33,,,,,,,,,,,0|i0029k:9,SPRINT 3,,,1.0,,,Done,15/Jul/26 3:51 PM
QA-S3-02: Test PIN,SBS-298,10404,Feature,Done,SBS,Sprint_Backlog_SmartSpend,software,tranvinhtri2705,712020:9712f75f-c53b-43bc-94e9-d5939d878070,,Medium,Done,TrungHoang lê,712020:55551c28-ba57-4442-a23d-17b4aa99887f,Bùi Quang Hiếu,712020:8598f7d9-9974-4bb0-afd5-f34c02905b33,Bùi Quang Hiếu,712020:8598f7d9-9974-4bb0-afd5-f34c02905b33,15/Jul/26 2:48 PM,15/Jul/26 3:50 PM,15/Jul/26 3:49 PM,15/Jul/26 3:50 PM,,0,,,Bùi Quang Hiếu,712020:8598f7d9-9974-4bb0-afd5-f34c02905b33,,,,,,,,,,,0|i002bj:,SPRINT 3,,,2.0,,,Done,15/Jul/26 3:50 PM
QA-S3-01: Test STK,SBS-296,10402,Feature,Done,SBS,Sprint_Backlog_SmartSpend,software,tranvinhtri2705,712020:9712f75f-c53b-43bc-94e9-d5939d878070,,Medium,Done,Quang Nguyễn,712020:52fd5a54-b2c3-407c-a5ad-9ab2de255e65,Bùi Quang Hiếu,712020:8598f7d9-9974-4bb0-afd5-f34c02905b33,Bùi Quang Hiếu,712020:8598f7d9-9974-4bb0-afd5-f34c02905b33,15/Jul/26 2:48 PM,15/Jul/26 3:50 PM,15/Jul/26 3:52 PM,15/Jul/26 3:50 PM,,0,,,Bùi Quang Hiếu,712020:8598f7d9-9974-4bb0-afd5-f34c02905b33,,,,,,,,,,,0|i002b3:,SPRINT 3,,,2.0,,,Done,15/Jul/26 3:50 PM
FE-S3-04: WalletCard,SBS-294,10400,Feature,Done,SBS,Sprint_Backlog_SmartSpend,software,tranvinhtri2705,712020:9712f75f-c53b-43bc-94e9-d5939d878070,,Medium,Done,Trường Giang Nguyễn,712020:87ac96f3-d706-4853-927a-b435d5d18746,Bùi Quang Hiếu,712020:8598f7d9-9974-4bb0-afd5-f34c02905b33,Bùi Quang Hiếu,712020:8598f7d9-9974-4bb0-afd5-f34c02905b33,15/Jul/26 2:48 PM,15/Jul/26 3:51 PM,15/Jul/26 3:49 PM,15/Jul/26 3:51 PM,,0,,,Bùi Quang Hiếu,712020:8598f7d9-9974-4bb0-afd5-f34c02905b33,,,,,,,,,,,0|i0029n:,SPRINT 3,,,2.0,,,Done,15/Jul/26 3:51 PM
QA-S8-02: Test filter,SBS-293,10399,Feature,To Do,SBS,Sprint_Backlog_SmartSpend,software,tranvinhtri2705,712020:9712f75f-c53b-43bc-94e9-d5939d878070,,Medium,,,,Trường Giang Nguyễn,712020:87ac96f3-d706-4853-927a-b435d5d18746,Trường Giang Nguyễn,712020:87ac96f3-d706-4853-927a-b435d5d18746,15/Jul/26 2:48 PM,15/Jul/26 2:48 PM,,,,0,,,Trường Giang Nguyễn,712020:87ac96f3-d706-4853-927a-b435d5d18746,,,,,,,,,,,0|i002af:,SPRINT 8,,,2.0,,,To Do,15/Jul/26 2:48 PM
FE-S3-03: Verify PIN modal,SBS-292,10398,Feature,Done,SBS,Sprint_Backlog_SmartSpend,software,tranvinhtri2705,712020:9712f75f-c53b-43bc-94e9-d5939d878070,,Medium,Done,TrungHoang lê,712020:55551c28-ba57-4442-a23d-17b4aa99887f,Bùi Quang Hiếu,712020:8598f7d9-9974-4bb0-afd5-f34c02905b33,Bùi Quang Hiếu,712020:8598f7d9-9974-4bb0-afd5-f34c02905b33,15/Jul/26 2:48 PM,15/Jul/26 3:50 PM,15/Jul/26 3:47 PM,15/Jul/26 3:50 PM,,0,,,Bùi Quang Hiếu,712020:8598f7d9-9974-4bb0-afd5-f34c02905b33,,,,,,,,,,,0|i002a7:,SPRINT 3,,,2.0,,,Done,15/Jul/26 3:50 PM
FE-S3-02: Setup PIN,SBS-289,10395,Feature,Done,SBS,Sprint_Backlog_SmartSpend,software,tranvinhtri2705,712020:9712f75f-c53b-43bc-94e9-d5939d878070,,Medium,Done,Quang Nguyễn,712020:52fd5a54-b2c3-407c-a5ad-9ab2de255e65,Bùi Quang Hiếu,712020:8598f7d9-9974-4bb0-afd5-f34c02905b33,Bùi Quang Hiếu,712020:8598f7d9-9974-4bb0-afd5-f34c02905b33,15/Jul/26 2:47 PM,15/Jul/26 3:51 PM,15/Jul/26 3:51 PM,15/Jul/26 3:51 PM,,0,,,Bùi Quang Hiếu,712020:8598f7d9-9974-4bb0-afd5-f34c02905b33,,,,,,,,,,,0|i0029j:,SPRINT 3,,,3.0,,,Done,15/Jul/26 3:51 PM
FE-S3-01: Verify STK,SBS-287,10393,Feature,Done,SBS,Sprint_Backlog_SmartSpend,software,tranvinhtri2705,712020:9712f75f-c53b-43bc-94e9-d5939d878070,,Medium,Done,Trường Giang Nguyễn,712020:87ac96f3-d706-4853-927a-b435d5d18746,Bùi Quang Hiếu,712020:8598f7d9-9974-4bb0-afd5-f34c02905b33,Bùi Quang Hiếu,712020:8598f7d9-9974-4bb0-afd5-f34c02905b33,15/Jul/26 2:47 PM,15/Jul/26 3:51 PM,15/Jul/26 3:47 PM,15/Jul/26 3:51 PM,,0,,,Bùi Quang Hiếu,712020:8598f7d9-9974-4bb0-afd5-f34c02905b33,,,,,,,,,,,0|i0029l:,SPRINT 3,,,3.0,,,Done,15/Jul/26 3:51 PM
QA-S8-01: Test manual tx,SBS-285,10391,Feature,To Do,SBS,Sprint_Backlog_SmartSpend,software,tranvinhtri2705,712020:9712f75f-c53b-43bc-94e9-d5939d878070,,Medium,,,,Trường Giang Nguyễn,712020:87ac96f3-d706-4853-927a-b435d5d18746,Trường Giang Nguyễn,712020:87ac96f3-d706-4853-927a-b435d5d18746,15/Jul/26 2:47 PM,15/Jul/26 2:47 PM,,,,0,,,Trường Giang Nguyễn,712020:87ac96f3-d706-4853-927a-b435d5d18746,,,,,,,,,,,0|i0028n:,SPRINT 8,,,2.0,,,To Do,15/Jul/26 2:47 PM
BE-S3-04: Khóa PIN,SBS-284,10390,Feature,Done,SBS,Sprint_Backlog_SmartSpend,software,tranvinhtri2705,712020:9712f75f-c53b-43bc-94e9-d5939d878070,,Medium,Done,tranvinhtri2705,712020:9712f75f-c53b-43bc-94e9-d5939d878070,Bùi Quang Hiếu,712020:8598f7d9-9974-4bb0-afd5-f34c02905b33,Bùi Quang Hiếu,712020:8598f7d9-9974-4bb0-afd5-f34c02905b33,15/Jul/26 2:47 PM,15/Jul/26 3:51 PM,15/Jul/26 3:51 PM,15/Jul/26 3:51 PM,,0,,,Bùi Quang Hiếu,712020:8598f7d9-9974-4bb0-afd5-f34c02905b33,,,,,,,,,,,0|i0029k:,SPRINT 3,,,2.0,,,Done,15/Jul/26 3:51 PM
BE-S3-03: PIN,SBS-282,10388,Feature,Done,SBS,Sprint_Backlog_SmartSpend,software,tranvinhtri2705,712020:9712f75f-c53b-43bc-94e9-d5939d878070,,Medium,Done,tranvinhtri2705,712020:9712f75f-c53b-43bc-94e9-d5939d878070,Bùi Quang Hiếu,712020:8598f7d9-9974-4bb0-afd5-f34c02905b33,Bùi Quang Hiếu,712020:8598f7d9-9974-4bb0-afd5-f34c02905b33,15/Jul/26 2:47 PM,15/Jul/26 3:51 PM,15/Jul/26 3:45 PM,15/Jul/26 3:51 PM,,0,,,Bùi Quang Hiếu,712020:8598f7d9-9974-4bb0-afd5-f34c02905b33,,,,,,,,,,,0|i0029k:a,SPRINT 3,,,3.0,,,Done,15/Jul/26 3:51 PM
BE-S3-02: Setup STK,SBS-280,10386,Feature,Done,SBS,Sprint_Backlog_SmartSpend,software,tranvinhtri2705,712020:9712f75f-c53b-43bc-94e9-d5939d878070,,Medium,Done,tranvinhtri2705,712020:9712f75f-c53b-43bc-94e9-d5939d878070,Bùi Quang Hiếu,712020:8598f7d9-9974-4bb0-afd5-f34c02905b33,Bùi Quang Hiếu,712020:8598f7d9-9974-4bb0-afd5-f34c02905b33,15/Jul/26 2:47 PM,15/Jul/26 3:51 PM,15/Jul/26 3:51 PM,15/Jul/26 3:51 PM,,0,,,Bùi Quang Hiếu,712020:8598f7d9-9974-4bb0-afd5-f34c02905b33,,,,,,,,,,,0|i0029j:i,SPRINT 3,,,3.0,,,Done,15/Jul/26 3:51 PM
FE-S1-05: Onboarding,SBS-278,10384,Feature,Done,SBS,Sprint_Backlog_SmartSpend,software,tranvinhtri2705,712020:9712f75f-c53b-43bc-94e9-d5939d878070,,Medium,Done,Quang Nguyễn,712020:52fd5a54-b2c3-407c-a5ad-9ab2de255e65,tranvinhtri2705,712020:9712f75f-c53b-43bc-94e9-d5939d878070,tranvinhtri2705,712020:9712f75f-c53b-43bc-94e9-d5939d878070,15/Jul/26 2:47 PM,15/Jul/26 3:18 PM,,15/Jul/26 3:18 PM,,0,,,tranvinhtri2705,712020:9712f75f-c53b-43bc-94e9-d5939d878070,,,,,,,,,,,0|i00273:,SPRINT 1,,,2.0,,,Done,15/Jul/26 3:18 PM
BE-S3-01: Wallet mặc định,SBS-277,10383,Feature,Done,SBS,Sprint_Backlog_SmartSpend,software,tranvinhtri2705,712020:9712f75f-c53b-43bc-94e9-d5939d878070,,Medium,Done,tranvinhtri2705,712020:9712f75f-c53b-43bc-94e9-d5939d878070,Bùi Quang Hiếu,712020:8598f7d9-9974-4bb0-afd5-f34c02905b33,Bùi Quang Hiếu,712020:8598f7d9-9974-4bb0-afd5-f34c02905b33,15/Jul/26 2:47 PM,15/Jul/26 3:51 PM,15/Jul/26 3:44 PM,15/Jul/26 3:51 PM,,0,,,Bùi Quang Hiếu,712020:8598f7d9-9974-4bb0-afd5-f34c02905b33,,,,,,,,,,,0|i0029k:i,SPRINT 3,,,2.0,,,Done,15/Jul/26 3:51 PM
FE-S8-03: Search,SBS-275,10381,Feature,To Do,SBS,Sprint_Backlog_SmartSpend,software,tranvinhtri2705,712020:9712f75f-c53b-43bc-94e9-d5939d878070,,Medium,,,,Trường Giang Nguyễn,712020:87ac96f3-d706-4853-927a-b435d5d18746,Trường Giang Nguyễn,712020:87ac96f3-d706-4853-927a-b435d5d18746,15/Jul/26 2:47 PM,15/Jul/26 2:47 PM,,,,0,,,Trường Giang Nguyễn,712020:87ac96f3-d706-4853-927a-b435d5d18746,,,,,,,,,,,0|i0026f:,SPRINT 8,,,2.0,,,To Do,15/Jul/26 2:47 PM
FE-S1-04: Lưu token,SBS-272,10378,Feature,Done,SBS,Sprint_Backlog_SmartSpend,software,tranvinhtri2705,712020:9712f75f-c53b-43bc-94e9-d5939d878070,,Medium,Done,TrungHoang lê,712020:55551c28-ba57-4442-a23d-17b4aa99887f,tranvinhtri2705,712020:9712f75f-c53b-43bc-94e9-d5939d878070,tranvinhtri2705,712020:9712f75f-c53b-43bc-94e9-d5939d878070,15/Jul/26 2:46 PM,15/Jul/26 3:17 PM,,15/Jul/26 3:17 PM,,0,,,tranvinhtri2705,712020:9712f75f-c53b-43bc-94e9-d5939d878070,,,,,,,,,,,0|i0017l:,SPRINT 1,,,2.0,,,Done,15/Jul/26 3:17 PM
FE-S1-03: Login + Register UI,SBS-263,10369,Feature,Done,SBS,Sprint_Backlog_SmartSpend,software,tranvinhtri2705,712020:9712f75f-c53b-43bc-94e9-d5939d878070,,Medium,Done,TrungHoang lê,712020:55551c28-ba57-4442-a23d-17b4aa99887f,tranvinhtri2705,712020:9712f75f-c53b-43bc-94e9-d5939d878070,tranvinhtri2705,712020:9712f75f-c53b-43bc-94e9-d5939d878070,15/Jul/26 2:46 PM,15/Jul/26 3:16 PM,,15/Jul/26 3:16 PM,,0,,,tranvinhtri2705,712020:9712f75f-c53b-43bc-94e9-d5939d878070,,,,,,,,,,,0|i0017s:,SPRINT 1,,,3.0,,,Done,15/Jul/26 3:16 PM
FE-S8-02: Filter history,SBS-262,10368,Feature,To Do,SBS,Sprint_Backlog_SmartSpend,software,tranvinhtri2705,712020:9712f75f-c53b-43bc-94e9-d5939d878070,,Medium,,,,Trường Giang Nguyễn,712020:87ac96f3-d706-4853-927a-b435d5d18746,Trường Giang Nguyễn,712020:87ac96f3-d706-4853-927a-b435d5d18746,15/Jul/26 2:46 PM,15/Jul/26 2:46 PM,,,,0,,,Trường Giang Nguyễn,712020:87ac96f3-d706-4853-927a-b435d5d18746,,,,,,,,,,,0|i0023j:,SPRINT 8,,,2.0,,,To Do,15/Jul/26 2:46 PM
FE-S8-01: TransactionActionScreen,SBS-256,10362,Feature,To Do,SBS,Sprint_Backlog_SmartSpend,software,tranvinhtri2705,712020:9712f75f-c53b-43bc-94e9-d5939d878070,,Medium,,,,Trường Giang Nguyễn,712020:87ac96f3-d706-4853-927a-b435d5d18746,Trường Giang Nguyễn,712020:87ac96f3-d706-4853-927a-b435d5d18746,15/Jul/26 2:45 PM,15/Jul/26 2:45 PM,,,,0,,,Trường Giang Nguyễn,712020:87ac96f3-d706-4853-927a-b435d5d18746,,,,,,,,,,,0|i00227:,SPRINT 8,,,3.0,,,To Do,15/Jul/26 2:45 PM
BE-S8-03: Pagination,SBS-253,10359,Feature,To Do,SBS,Sprint_Backlog_SmartSpend,software,tranvinhtri2705,712020:9712f75f-c53b-43bc-94e9-d5939d878070,,Medium,,,,Trường Giang Nguyễn,712020:87ac96f3-d706-4853-927a-b435d5d18746,Trường Giang Nguyễn,712020:87ac96f3-d706-4853-927a-b435d5d18746,15/Jul/26 2:44 PM,15/Jul/26 2:44 PM,,,,0,,,Trường Giang Nguyễn,712020:87ac96f3-d706-4853-927a-b435d5d18746,,,,,,,,,,,0|i0021j:,SPRINT 8,,,2.0,,,To Do,15/Jul/26 2:44 PM
BE-S8-02: Filter history,SBS-248,10354,Feature,To Do,SBS,Sprint_Backlog_SmartSpend,software,tranvinhtri2705,712020:9712f75f-c53b-43bc-94e9-d5939d878070,,Medium,,,,Trường Giang Nguyễn,712020:87ac96f3-d706-4853-927a-b435d5d18746,Trường Giang Nguyễn,712020:87ac96f3-d706-4853-927a-b435d5d18746,15/Jul/26 2:43 PM,15/Jul/26 2:43 PM,,,,0,,,Trường Giang Nguyễn,712020:87ac96f3-d706-4853-927a-b435d5d18746,,,,,,,,,,,0|i0020f:,SPRINT 8,,,3.0,,,To Do,15/Jul/26 2:43 PM
FE-S1-02: Axios client,SBS-244,10350,Feature,Done,SBS,Sprint_Backlog_SmartSpend,software,tranvinhtri2705,712020:9712f75f-c53b-43bc-94e9-d5939d878070,,Medium,Done,Quang Nguyễn,712020:52fd5a54-b2c3-407c-a5ad-9ab2de255e65,tranvinhtri2705,712020:9712f75f-c53b-43bc-94e9-d5939d878070,tranvinhtri2705,712020:9712f75f-c53b-43bc-94e9-d5939d878070,15/Jul/26 2:42 PM,15/Jul/26 3:16 PM,,15/Jul/26 3:16 PM,,0,,,tranvinhtri2705,712020:9712f75f-c53b-43bc-94e9-d5939d878070,,,,,,,,,,,0|i0017p:,SPRINT 1,,,2.0,,,Done,15/Jul/26 3:16 PM
QA-S6-02: Test report,SBS-239,10345,Feature,Done,SBS,Sprint_Backlog_SmartSpend,software,tranvinhtri2705,712020:9712f75f-c53b-43bc-94e9-d5939d878070,,Medium,Done,Trường Giang Nguyễn,712020:87ac96f3-d706-4853-927a-b435d5d18746,TrungHoang lê,712020:55551c28-ba57-4442-a23d-17b4aa99887f,TrungHoang lê,712020:55551c28-ba57-4442-a23d-17b4aa99887f,15/Jul/26 2:41 PM,15/Jul/26 4:18 PM,15/Jul/26 4:09 PM,15/Jul/26 4:14 PM,,0,,,TrungHoang lê,712020:55551c28-ba57-4442-a23d-17b4aa99887f,,,,,,,,,,,0|i001yf:,SPRINT 6,,,3.0,,,Done,15/Jul/26 4:14 PM
QA-S6-01: Test category,SBS-232,10338,Feature,Done,SBS,Sprint_Backlog_SmartSpend,software,tranvinhtri2705,712020:9712f75f-c53b-43bc-94e9-d5939d878070,,Medium,Done,TrungHoang lê,712020:55551c28-ba57-4442-a23d-17b4aa99887f,TrungHoang lê,712020:55551c28-ba57-4442-a23d-17b4aa99887f,TrungHoang lê,712020:55551c28-ba57-4442-a23d-17b4aa99887f,15/Jul/26 2:40 PM,15/Jul/26 4:14 PM,15/Jul/26 4:17 PM,15/Jul/26 4:13 PM,,0,,,TrungHoang lê,712020:55551c28-ba57-4442-a23d-17b4aa99887f,,,,,,,,,,,0|i001s3:,SPRINT 6,,,2.0,,,Done,15/Jul/26 4:13 PM
FE-S1-01: Khởi tạo Expo,SBS-230,10336,Feature,Done,SBS,Sprint_Backlog_SmartSpend,software,tranvinhtri2705,712020:9712f75f-c53b-43bc-94e9-d5939d878070,,Medium,Done,TrungHoang lê,712020:55551c28-ba57-4442-a23d-17b4aa99887f,tranvinhtri2705,712020:9712f75f-c53b-43bc-94e9-d5939d878070,tranvinhtri2705,712020:9712f75f-c53b-43bc-94e9-d5939d878070,15/Jul/26 2:40 PM,15/Jul/26 3:10 PM,,15/Jul/26 3:10 PM,,0,,,tranvinhtri2705,712020:9712f75f-c53b-43bc-94e9-d5939d878070,,,,,,,,,,,0|i0017x:,SPRINT 1,,,2.0,,,Done,15/Jul/26 3:10 PM
BE-S8-01: Manual transaction,SBS-222,10328,Feature,To Do,SBS,Sprint_Backlog_SmartSpend,software,tranvinhtri2705,712020:9712f75f-c53b-43bc-94e9-d5939d878070,,Medium,,,,Trường Giang Nguyễn,712020:87ac96f3-d706-4853-927a-b435d5d18746,Trường Giang Nguyễn,712020:87ac96f3-d706-4853-927a-b435d5d18746,15/Jul/26 2:40 PM,15/Jul/26 2:43 PM,,,,0,,,Trường Giang Nguyễn,712020:87ac96f3-d706-4853-927a-b435d5d18746,,,,,,,,,,,0|i001un:,SPRINT 8,,,3.0,,,To Do,15/Jul/26 2:40 PM
FE-S6-03: ReportScreen,SBS-219,10325,Feature,Done,SBS,Sprint_Backlog_SmartSpend,software,tranvinhtri2705,712020:9712f75f-c53b-43bc-94e9-d5939d878070,,Medium,Done,Trường Giang Nguyễn,712020:87ac96f3-d706-4853-927a-b435d5d18746,TrungHoang lê,712020:55551c28-ba57-4442-a23d-17b4aa99887f,TrungHoang lê,712020:55551c28-ba57-4442-a23d-17b4aa99887f,15/Jul/26 2:39 PM,15/Jul/26 4:14 PM,15/Jul/26 4:09 PM,15/Jul/26 4:14 PM,,0,,,TrungHoang lê,712020:55551c28-ba57-4442-a23d-17b4aa99887f,,,,,,,,,,,0|i001tz:,SPRINT 6,,,5.0,,,Done,15/Jul/26 4:14 PM
BE-S1-06: Exception handler,SBS-212,10318,Feature,Done,SBS,Sprint_Backlog_SmartSpend,software,tranvinhtri2705,712020:9712f75f-c53b-43bc-94e9-d5939d878070,,Medium,Done,tranvinhtri2705,712020:9712f75f-c53b-43bc-94e9-d5939d878070,tranvinhtri2705,712020:9712f75f-c53b-43bc-94e9-d5939d878070,tranvinhtri2705,712020:9712f75f-c53b-43bc-94e9-d5939d878070,15/Jul/26 2:39 PM,15/Jul/26 3:09 PM,,15/Jul/26 3:09 PM,,0,,,tranvinhtri2705,712020:9712f75f-c53b-43bc-94e9-d5939d878070,,,,,,,,,,,0|i0017n:,SPRINT 1,,,2.0,,,Done,15/Jul/26 3:09 PM
FE-S6-02: CategorySelectModal,SBS-211,10317,Feature,Done,SBS,Sprint_Backlog_SmartSpend,software,tranvinhtri2705,712020:9712f75f-c53b-43bc-94e9-d5939d878070,,Medium,Done,TrungHoang lê,712020:55551c28-ba57-4442-a23d-17b4aa99887f,TrungHoang lê,712020:55551c28-ba57-4442-a23d-17b4aa99887f,TrungHoang lê,712020:55551c28-ba57-4442-a23d-17b4aa99887f,15/Jul/26 2:39 PM,15/Jul/26 4:09 PM,,15/Jul/26 4:09 PM,,0,,,TrungHoang lê,712020:55551c28-ba57-4442-a23d-17b4aa99887f,,,,,,,,,,,0|i001s7:,SPRINT 6,,,2.0,,,Done,15/Jul/26 4:09 PM
QA-S7-03: Regression,SBS-209,10315,Feature,To Do,SBS,Sprint_Backlog_SmartSpend,software,tranvinhtri2705,712020:9712f75f-c53b-43bc-94e9-d5939d878070,,Medium,,,,Trường Giang Nguyễn,712020:87ac96f3-d706-4853-927a-b435d5d18746,Trường Giang Nguyễn,712020:87ac96f3-d706-4853-927a-b435d5d18746,15/Jul/26 2:39 PM,15/Jul/26 2:42 PM,15/Jul/26 5:21 PM,,,0,,,Trường Giang Nguyễn,712020:87ac96f3-d706-4853-927a-b435d5d18746,,,,,,,,,,,0|i001rr:,SPRINT 7,,,,,,To Do,15/Jul/26 2:39 PM
FE-S6-01: CategoriesScreen,SBS-199,10305,Feature,Done,SBS,Sprint_Backlog_SmartSpend,software,tranvinhtri2705,712020:9712f75f-c53b-43bc-94e9-d5939d878070,,Medium,Done,TrungHoang lê,712020:55551c28-ba57-4442-a23d-17b4aa99887f,TrungHoang lê,712020:55551c28-ba57-4442-a23d-17b4aa99887f,TrungHoang lê,712020:55551c28-ba57-4442-a23d-17b4aa99887f,15/Jul/26 2:38 PM,15/Jul/26 4:14 PM,,15/Jul/26 4:13 PM,,0,,,TrungHoang lê,712020:55551c28-ba57-4442-a23d-17b4aa99887f,,,,,,,,,,,0|i001sf:,SPRINT 6,,,3.0,,,Done,15/Jul/26 4:13 PM
BE-S1-05: JWT Security,SBS-197,10303,Feature,Done,SBS,Sprint_Backlog_SmartSpend,software,tranvinhtri2705,712020:9712f75f-c53b-43bc-94e9-d5939d878070,,Medium,Done,tranvinhtri2705,712020:9712f75f-c53b-43bc-94e9-d5939d878070,tranvinhtri2705,712020:9712f75f-c53b-43bc-94e9-d5939d878070,tranvinhtri2705,712020:9712f75f-c53b-43bc-94e9-d5939d878070,15/Jul/26 2:38 PM,15/Jul/26 3:08 PM,,15/Jul/26 3:08 PM,,0,,,tranvinhtri2705,712020:9712f75f-c53b-43bc-94e9-d5939d878070,,,,,,,,,,,0|i0017t:,SPRINT 1,,,3.0,,,Done,15/Jul/26 3:08 PM
BE-S6-04: Map EXPENSE/INCOME,SBS-189,10295,Feature,Done,SBS,Sprint_Backlog_SmartSpend,software,tranvinhtri2705,712020:9712f75f-c53b-43bc-94e9-d5939d878070,,Medium,Done,Trường Giang Nguyễn,712020:87ac96f3-d706-4853-927a-b435d5d18746,TrungHoang lê,712020:55551c28-ba57-4442-a23d-17b4aa99887f,TrungHoang lê,712020:55551c28-ba57-4442-a23d-17b4aa99887f,15/Jul/26 2:38 PM,15/Jul/26 4:14 PM,15/Jul/26 4:08 PM,15/Jul/26 4:14 PM,,0,,,TrungHoang lê,712020:55551c28-ba57-4442-a23d-17b4aa99887f,,,,,,,,,,,0|i001nb:,SPRINT 6,,,2.0,,,Done,15/Jul/26 4:14 PM
BE-S6-03: Report API,SBS-182,10288,Feature,Done,SBS,Sprint_Backlog_SmartSpend,software,tranvinhtri2705,712020:9712f75f-c53b-43bc-94e9-d5939d878070,,Medium,Done,Trường Giang Nguyễn,712020:87ac96f3-d706-4853-927a-b435d5d18746,TrungHoang lê,712020:55551c28-ba57-4442-a23d-17b4aa99887f,TrungHoang lê,712020:55551c28-ba57-4442-a23d-17b4aa99887f,15/Jul/26 2:37 PM,15/Jul/26 4:14 PM,15/Jul/26 4:12 PM,15/Jul/26 4:14 PM,,0,,,TrungHoang lê,712020:55551c28-ba57-4442-a23d-17b4aa99887f,,,,,,,,,,,0|i001lr:,SPRINT 6,,,3.0,,,Done,15/Jul/26 4:14 PM
"QA-S7-01: Test xóa danh mục con (DM)
",SBS-181,10287,Feature,To Do,SBS,Sprint_Backlog_SmartSpend,software,tranvinhtri2705,712020:9712f75f-c53b-43bc-94e9-d5939d878070,,Medium,,TrungHoang lê,712020:55551c28-ba57-4442-a23d-17b4aa99887f,Trường Giang Nguyễn,712020:87ac96f3-d706-4853-927a-b435d5d18746,Trường Giang Nguyễn,712020:87ac96f3-d706-4853-927a-b435d5d18746,15/Jul/26 2:37 PM,15/Jul/26 4:12 PM,,,,0,,,Trường Giang Nguyễn,712020:87ac96f3-d706-4853-927a-b435d5d18746,,,,,,,,,,,0|i001lj:,SPRINT 7,,,,,,To Do,15/Jul/26 2:37 PM
FE-S7-03: Report polish,SBS-172,10278,Feature,To Do,SBS,Sprint_Backlog_SmartSpend,software,tranvinhtri2705,712020:9712f75f-c53b-43bc-94e9-d5939d878070,,Medium,,,,Trường Giang Nguyễn,712020:87ac96f3-d706-4853-927a-b435d5d18746,Trường Giang Nguyễn,712020:87ac96f3-d706-4853-927a-b435d5d18746,15/Jul/26 2:36 PM,15/Jul/26 2:42 PM,15/Jul/26 4:19 PM,,,0,,,Trường Giang Nguyễn,712020:87ac96f3-d706-4853-927a-b435d5d18746,,,,,,,,,,,0|i001jj:,SPRINT 7,,,,,,To Do,15/Jul/26 2:36 PM
BE-S1-04: API Register + Login,SBS-166,10272,Feature,Done,SBS,Sprint_Backlog_SmartSpend,software,tranvinhtri2705,712020:9712f75f-c53b-43bc-94e9-d5939d878070,,Medium,Done,tranvinhtri2705,712020:9712f75f-c53b-43bc-94e9-d5939d878070,tranvinhtri2705,712020:9712f75f-c53b-43bc-94e9-d5939d878070,tranvinhtri2705,712020:9712f75f-c53b-43bc-94e9-d5939d878070,15/Jul/26 2:36 PM,15/Jul/26 3:08 PM,,15/Jul/26 3:07 PM,,0,,,tranvinhtri2705,712020:9712f75f-c53b-43bc-94e9-d5939d878070,,,,,,,,,,,0|i0017v:,SPRINT 1,,,3.0,,,Done,15/Jul/26 3:07 PM
BE-S6-02: Soft delete DM,SBS-165,10271,Feature,Done,SBS,Sprint_Backlog_SmartSpend,software,tranvinhtri2705,712020:9712f75f-c53b-43bc-94e9-d5939d878070,,Medium,Done,TrungHoang lê,712020:55551c28-ba57-4442-a23d-17b4aa99887f,TrungHoang lê,712020:55551c28-ba57-4442-a23d-17b4aa99887f,TrungHoang lê,712020:55551c28-ba57-4442-a23d-17b4aa99887f,15/Jul/26 2:36 PM,15/Jul/26 4:14 PM,15/Jul/26 4:12 PM,15/Jul/26 4:13 PM,,0,,,TrungHoang lê,712020:55551c28-ba57-4442-a23d-17b4aa99887f,,,,,,,,,,,0|i001hz:,SPRINT 6,,,2.0,,,Done,15/Jul/26 4:13 PM
BE-S1-03: Entity User + Wallet ,SBS-149,10255,Feature,Done,SBS,Sprint_Backlog_SmartSpend,software,tranvinhtri2705,712020:9712f75f-c53b-43bc-94e9-d5939d878070,,Medium,Done,tranvinhtri2705,712020:9712f75f-c53b-43bc-94e9-d5939d878070,tranvinhtri2705,712020:9712f75f-c53b-43bc-94e9-d5939d878070,tranvinhtri2705,712020:9712f75f-c53b-43bc-94e9-d5939d878070,15/Jul/26 2:35 PM,15/Jul/26 3:06 PM,,15/Jul/26 3:06 PM,,0,,,tranvinhtri2705,712020:9712f75f-c53b-43bc-94e9-d5939d878070,,,,,,,,,,,0|i001ef:,SPRINT 1,,,2.0,,,Done,15/Jul/26 3:06 PM
BE-S6-01: Category CRUD,SBS-148,10254,Feature,Done,SBS,Sprint_Backlog_SmartSpend,software,tranvinhtri2705,712020:9712f75f-c53b-43bc-94e9-d5939d878070,,Medium,Done,TrungHoang lê,712020:55551c28-ba57-4442-a23d-17b4aa99887f,TrungHoang lê,712020:55551c28-ba57-4442-a23d-17b4aa99887f,TrungHoang lê,712020:55551c28-ba57-4442-a23d-17b4aa99887f,15/Jul/26 2:35 PM,15/Jul/26 4:14 PM,15/Jul/26 4:12 PM,15/Jul/26 4:13 PM,,0,,,TrungHoang lê,712020:55551c28-ba57-4442-a23d-17b4aa99887f,,,,,,,,,,,0|i001e7:,SPRINT 6,,,3.0,,,Done,15/Jul/26 4:13 PM
FE-S7-01: Chỉnh sửa và Xóa danh mục con,SBS-146,10252,Feature,To Do,SBS,Sprint_Backlog_SmartSpend,software,tranvinhtri2705,712020:9712f75f-c53b-43bc-94e9-d5939d878070,,Medium,,TrungHoang lê,712020:55551c28-ba57-4442-a23d-17b4aa99887f,Trường Giang Nguyễn,712020:87ac96f3-d706-4853-927a-b435d5d18746,Trường Giang Nguyễn,712020:87ac96f3-d706-4853-927a-b435d5d18746,15/Jul/26 2:35 PM,15/Jul/26 4:10 PM,,,,0,,,Trường Giang Nguyễn,712020:87ac96f3-d706-4853-927a-b435d5d18746,,,,,,,,,,,0|i001dr:,SPRINT 7,,,,,,To Do,15/Jul/26 2:35 PM
QA-S5-02: Test history,SBS-141,10247,Feature,Done,SBS,Sprint_Backlog_SmartSpend,software,tranvinhtri2705,712020:9712f75f-c53b-43bc-94e9-d5939d878070,,Medium,Done,Bùi Quang Hiếu,712020:8598f7d9-9974-4bb0-afd5-f34c02905b33,TrungHoang lê,712020:55551c28-ba57-4442-a23d-17b4aa99887f,TrungHoang lê,712020:55551c28-ba57-4442-a23d-17b4aa99887f,15/Jul/26 2:35 PM,15/Jul/26 4:07 PM,15/Jul/26 4:06 PM,15/Jul/26 4:07 PM,,0,,,TrungHoang lê,712020:55551c28-ba57-4442-a23d-17b4aa99887f,,,,,,,,,,,0|i00100:,SPRINT 5,,,2.0,,,Done,15/Jul/26 4:07 PM
QA-S5-01: Test rút PayOS,SBS-131,10237,Feature,Done,SBS,Sprint_Backlog_SmartSpend,software,tranvinhtri2705,712020:9712f75f-c53b-43bc-94e9-d5939d878070,,Medium,Done,Bùi Quang Hiếu,712020:8598f7d9-9974-4bb0-afd5-f34c02905b33,TrungHoang lê,712020:55551c28-ba57-4442-a23d-17b4aa99887f,TrungHoang lê,712020:55551c28-ba57-4442-a23d-17b4aa99887f,15/Jul/26 2:34 PM,15/Jul/26 4:07 PM,15/Jul/26 4:06 PM,15/Jul/26 4:07 PM,,0,,,TrungHoang lê,712020:55551c28-ba57-4442-a23d-17b4aa99887f,,,,,,,,,,,0|i00101:,SPRINT 5,,,3.0,,,Done,15/Jul/26 4:07 PM
BE-S7-04: Report deleted,SBS-129,10235,Feature,To Do,SBS,Sprint_Backlog_SmartSpend,software,tranvinhtri2705,712020:9712f75f-c53b-43bc-94e9-d5939d878070,,Medium,,TrungHoang lê,712020:55551c28-ba57-4442-a23d-17b4aa99887f,Trường Giang Nguyễn,712020:87ac96f3-d706-4853-927a-b435d5d18746,Trường Giang Nguyễn,712020:87ac96f3-d706-4853-927a-b435d5d18746,15/Jul/26 2:34 PM,15/Jul/26 4:10 PM,,,,0,,,Trường Giang Nguyễn,712020:87ac96f3-d706-4853-927a-b435d5d18746,,,,,,,,,,,0|i0019z:,SPRINT 7,,,,,,To Do,15/Jul/26 2:34 PM
FE-S5-04: TransactionDetailModal,SBS-122,10228,Feature,Done,SBS,Sprint_Backlog_SmartSpend,software,tranvinhtri2705,712020:9712f75f-c53b-43bc-94e9-d5939d878070,,Medium,Done,Bùi Quang Hiếu,712020:8598f7d9-9974-4bb0-afd5-f34c02905b33,TrungHoang lê,712020:55551c28-ba57-4442-a23d-17b4aa99887f,TrungHoang lê,712020:55551c28-ba57-4442-a23d-17b4aa99887f,15/Jul/26 2:34 PM,15/Jul/26 4:07 PM,15/Jul/26 4:06 PM,15/Jul/26 4:07 PM,,0,,,TrungHoang lê,712020:55551c28-ba57-4442-a23d-17b4aa99887f,,,,,,,,,,,0|i00104:,SPRINT 5,,,3.0,,,Done,15/Jul/26 4:07 PM
BE-S1-02: Thiết kế ERD v1 ,SBS-119,10225,Feature,Done,SBS,Sprint_Backlog_SmartSpend,software,tranvinhtri2705,712020:9712f75f-c53b-43bc-94e9-d5939d878070,,Medium,Done,tranvinhtri2705,712020:9712f75f-c53b-43bc-94e9-d5939d878070,tranvinhtri2705,712020:9712f75f-c53b-43bc-94e9-d5939d878070,tranvinhtri2705,712020:9712f75f-c53b-43bc-94e9-d5939d878070,15/Jul/26 2:34 PM,15/Jul/26 3:06 PM,,15/Jul/26 3:05 PM,,0,,,tranvinhtri2705,712020:9712f75f-c53b-43bc-94e9-d5939d878070,,,,,,,,,,,0|i0017r:,SPRINT 1,,,2.0,,,Done,15/Jul/26 3:05 PM
BE-S7-03: Cập nhật / Chỉnh sửa danh mục con,SBS-117,10223,Feature,To Do,SBS,Sprint_Backlog_SmartSpend,software,tranvinhtri2705,712020:9712f75f-c53b-43bc-94e9-d5939d878070,,Medium,,TrungHoang lê,712020:55551c28-ba57-4442-a23d-17b4aa99887f,Trường Giang Nguyễn,712020:87ac96f3-d706-4853-927a-b435d5d18746,Trường Giang Nguyễn,712020:87ac96f3-d706-4853-927a-b435d5d18746,15/Jul/26 2:34 PM,15/Jul/26 4:10 PM,,,,0,,,Trường Giang Nguyễn,712020:87ac96f3-d706-4853-927a-b435d5d18746,,,,,,,,,,,0|i0017b:,SPRINT 7,,,,,,To Do,15/Jul/26 2:34 PM
QA-S10-01: Release,SBS-109,10215,Feature,To Do,SBS,Sprint_Backlog_SmartSpend,software,tranvinhtri2705,712020:9712f75f-c53b-43bc-94e9-d5939d878070,,Medium,,,,Bùi Quang Hiếu,712020:8598f7d9-9974-4bb0-afd5-f34c02905b33,Bùi Quang Hiếu,712020:8598f7d9-9974-4bb0-afd5-f34c02905b33,15/Jul/26 2:33 PM,15/Jul/26 2:35 PM,,,,0,,,Bùi Quang Hiếu,712020:8598f7d9-9974-4bb0-afd5-f34c02905b33,,,,,,,,,,,0|i0015j:,SPRINT 10,,,5.0,,,To Do,15/Jul/26 2:33 PM
FE-S5-03: HistoryScreen,SBS-108,10214,Feature,Done,SBS,Sprint_Backlog_SmartSpend,software,tranvinhtri2705,712020:9712f75f-c53b-43bc-94e9-d5939d878070,,Medium,Done,Bùi Quang Hiếu,712020:8598f7d9-9974-4bb0-afd5-f34c02905b33,TrungHoang lê,712020:55551c28-ba57-4442-a23d-17b4aa99887f,TrungHoang lê,712020:55551c28-ba57-4442-a23d-17b4aa99887f,15/Jul/26 2:33 PM,15/Jul/26 4:07 PM,15/Jul/26 4:05 PM,15/Jul/26 4:07 PM,,0,,,TrungHoang lê,712020:55551c28-ba57-4442-a23d-17b4aa99887f,,,,,,,,,,,0|i00105:,SPRINT 5,,,3.0,,,Done,15/Jul/26 4:07 PM
FE-S10-03: Polish demo,SBS-105,10211,Feature,To Do,SBS,Sprint_Backlog_SmartSpend,software,tranvinhtri2705,712020:9712f75f-c53b-43bc-94e9-d5939d878070,,Medium,,,,Bùi Quang Hiếu,712020:8598f7d9-9974-4bb0-afd5-f34c02905b33,Bùi Quang Hiếu,712020:8598f7d9-9974-4bb0-afd5-f34c02905b33,15/Jul/26 2:33 PM,15/Jul/26 2:35 PM,,,,0,,,Bùi Quang Hiếu,712020:8598f7d9-9974-4bb0-afd5-f34c02905b33,,,,,,,,,,,0|i0014n:,SPRINT 10,,,2.0,,,To Do,15/Jul/26 2:33 PM
FE-S10-02: Push FE,SBS-102,10208,Feature,To Do,SBS,Sprint_Backlog_SmartSpend,software,tranvinhtri2705,712020:9712f75f-c53b-43bc-94e9-d5939d878070,,Medium,,,,Bùi Quang Hiếu,712020:8598f7d9-9974-4bb0-afd5-f34c02905b33,Bùi Quang Hiếu,712020:8598f7d9-9974-4bb0-afd5-f34c02905b33,15/Jul/26 2:33 PM,15/Jul/26 2:35 PM,,,,0,,,Bùi Quang Hiếu,712020:8598f7d9-9974-4bb0-afd5-f34c02905b33,,,,,,,,,,,0|i0013z:,SPRINT 10,,,2.0,,,To Do,15/Jul/26 2:33 PM
FE-S10-01: Funds wire-up (3 SP),SBS-99,10205,Feature,To Do,SBS,Sprint_Backlog_SmartSpend,software,tranvinhtri2705,712020:9712f75f-c53b-43bc-94e9-d5939d878070,,Medium,,,,Bùi Quang Hiếu,712020:8598f7d9-9974-4bb0-afd5-f34c02905b33,Bùi Quang Hiếu,712020:8598f7d9-9974-4bb0-afd5-f34c02905b33,15/Jul/26 2:33 PM,15/Jul/26 2:35 PM,,,,0,,,Bùi Quang Hiếu,712020:8598f7d9-9974-4bb0-afd5-f34c02905b33,,,,,,,,,,,0|i0013b:,SPRINT 10,,,3.0,,,To Do,15/Jul/26 2:33 PM
BE-S7-02: History enrich,SBS-98,10204,Feature,To Do,SBS,Sprint_Backlog_SmartSpend,software,tranvinhtri2705,712020:9712f75f-c53b-43bc-94e9-d5939d878070,,Medium,,,,Trường Giang Nguyễn,712020:87ac96f3-d706-4853-927a-b435d5d18746,Trường Giang Nguyễn,712020:87ac96f3-d706-4853-927a-b435d5d18746,15/Jul/26 2:33 PM,15/Jul/26 2:42 PM,15/Jul/26 4:20 PM,,,0,,,Trường Giang Nguyễn,712020:87ac96f3-d706-4853-927a-b435d5d18746,,,,,,,,,,,0|i00133:,SPRINT 7,,,,,,To Do,15/Jul/26 2:33 PM
FE-S5-02: WithdrawBill,SBS-97,10203,Feature,Done,SBS,Sprint_Backlog_SmartSpend,software,tranvinhtri2705,712020:9712f75f-c53b-43bc-94e9-d5939d878070,,Medium,Done,Bùi Quang Hiếu,712020:8598f7d9-9974-4bb0-afd5-f34c02905b33,TrungHoang lê,712020:55551c28-ba57-4442-a23d-17b4aa99887f,TrungHoang lê,712020:55551c28-ba57-4442-a23d-17b4aa99887f,15/Jul/26 2:33 PM,15/Jul/26 4:07 PM,15/Jul/26 4:05 PM,15/Jul/26 4:07 PM,,0,,,TrungHoang lê,712020:55551c28-ba57-4442-a23d-17b4aa99887f,,,,,,,,,,,0|i00103:,SPRINT 5,,,2.0,,,Done,15/Jul/26 4:07 PM
BE-S10-02: Push notification,SBS-96,10202,Feature,To Do,SBS,Sprint_Backlog_SmartSpend,software,tranvinhtri2705,712020:9712f75f-c53b-43bc-94e9-d5939d878070,,Medium,,,,Bùi Quang Hiếu,712020:8598f7d9-9974-4bb0-afd5-f34c02905b33,Bùi Quang Hiếu,712020:8598f7d9-9974-4bb0-afd5-f34c02905b33,15/Jul/26 2:33 PM,15/Jul/26 2:34 PM,,,,0,,,Bùi Quang Hiếu,712020:8598f7d9-9974-4bb0-afd5-f34c02905b33,,,,,,,,,,,0|i0012n:,SPRINT 10,,,3.0,,,To Do,15/Jul/26 2:33 PM
BE-S10-01: Funds,SBS-93,10199,Feature,To Do,SBS,Sprint_Backlog_SmartSpend,software,tranvinhtri2705,712020:9712f75f-c53b-43bc-94e9-d5939d878070,,Medium,,,,Bùi Quang Hiếu,712020:8598f7d9-9974-4bb0-afd5-f34c02905b33,Bùi Quang Hiếu,712020:8598f7d9-9974-4bb0-afd5-f34c02905b33,15/Jul/26 2:33 PM,15/Jul/26 2:33 PM,,,,0,,,Bùi Quang Hiếu,712020:8598f7d9-9974-4bb0-afd5-f34c02905b33,,,,,,,,,,,0|i0011z:,SPRINT 10,,,5.0,,,To Do,15/Jul/26 2:33 PM
FE-S5-01: WithdrawScreen,SBS-85,10191,Feature,Done,SBS,Sprint_Backlog_SmartSpend,software,tranvinhtri2705,712020:9712f75f-c53b-43bc-94e9-d5939d878070,,Medium,Done,Quang Nguyễn,712020:52fd5a54-b2c3-407c-a5ad-9ab2de255e65,TrungHoang lê,712020:55551c28-ba57-4442-a23d-17b4aa99887f,TrungHoang lê,712020:55551c28-ba57-4442-a23d-17b4aa99887f,15/Jul/26 2:32 PM,15/Jul/26 4:07 PM,15/Jul/26 4:04 PM,15/Jul/26 4:07 PM,,0,,,TrungHoang lê,712020:55551c28-ba57-4442-a23d-17b4aa99887f,,,,,,,,,,,0|i00107:,SPRINT 5,,,3.0,,,Done,15/Jul/26 4:07 PM
QA-S9-01: Test budget,SBS-78,10184,Feature,To Do,SBS,Sprint_Backlog_SmartSpend,software,tranvinhtri2705,712020:9712f75f-c53b-43bc-94e9-d5939d878070,,Medium,,,,Bùi Quang Hiếu,712020:8598f7d9-9974-4bb0-afd5-f34c02905b33,Bùi Quang Hiếu,712020:8598f7d9-9974-4bb0-afd5-f34c02905b33,15/Jul/26 2:32 PM,15/Jul/26 2:32 PM,,,,0,,,Bùi Quang Hiếu,712020:8598f7d9-9974-4bb0-afd5-f34c02905b33,,,,,,,,,,,0|i000yn:,SPRINT 9,,,3.0,,,To Do,15/Jul/26 2:32 PM
BE-S5-04: Update transaction,SBS-77,10183,Feature,Done,SBS,Sprint_Backlog_SmartSpend,software,tranvinhtri2705,712020:9712f75f-c53b-43bc-94e9-d5939d878070,,Medium,Done,tranvinhtri2705,712020:9712f75f-c53b-43bc-94e9-d5939d878070,TrungHoang lê,712020:55551c28-ba57-4442-a23d-17b4aa99887f,TrungHoang lê,712020:55551c28-ba57-4442-a23d-17b4aa99887f,15/Jul/26 2:32 PM,15/Jul/26 4:07 PM,15/Jul/26 4:03 PM,15/Jul/26 4:07 PM,,0,,,TrungHoang lê,712020:55551c28-ba57-4442-a23d-17b4aa99887f,,,,,,,,,,,0|i000yf:,SPRINT 5,,,2.0,,,Done,15/Jul/26 4:07 PM
"BE-S7-01: Soft delete danh mục con (CategoryItem)
",SBS-75,10181,Feature,To Do,SBS,Sprint_Backlog_SmartSpend,software,tranvinhtri2705,712020:9712f75f-c53b-43bc-94e9-d5939d878070,,Medium,,TrungHoang lê,712020:55551c28-ba57-4442-a23d-17b4aa99887f,Trường Giang Nguyễn,712020:87ac96f3-d706-4853-927a-b435d5d18746,Trường Giang Nguyễn,712020:87ac96f3-d706-4853-927a-b435d5d18746,15/Jul/26 2:31 PM,15/Jul/26 4:09 PM,15/Jul/26 4:18 PM,,,0,,,Trường Giang Nguyễn,712020:87ac96f3-d706-4853-927a-b435d5d18746,,,,,,,,,,,0|i000xz:,SPRINT 7,,,,,,To Do,15/Jul/26 2:31 PM
BE-S5-03: History API,SBS-70,10176,Feature,Done,SBS,Sprint_Backlog_SmartSpend,software,tranvinhtri2705,712020:9712f75f-c53b-43bc-94e9-d5939d878070,,Medium,Done,tranvinhtri2705,712020:9712f75f-c53b-43bc-94e9-d5939d878070,TrungHoang lê,712020:55551c28-ba57-4442-a23d-17b4aa99887f,TrungHoang lê,712020:55551c28-ba57-4442-a23d-17b4aa99887f,15/Jul/26 2:31 PM,15/Jul/26 4:07 PM,15/Jul/26 4:03 PM,15/Jul/26 4:07 PM,,0,,,TrungHoang lê,712020:55551c28-ba57-4442-a23d-17b4aa99887f,,,,,,,,,,,0|i000wv:,SPRINT 5,,,2.0,,,Done,15/Jul/26 4:07 PM
FE-S9-02: Progress UI,SBS-69,10175,Feature,To Do,SBS,Sprint_Backlog_SmartSpend,software,tranvinhtri2705,712020:9712f75f-c53b-43bc-94e9-d5939d878070,,Medium,,,,Bùi Quang Hiếu,712020:8598f7d9-9974-4bb0-afd5-f34c02905b33,Bùi Quang Hiếu,712020:8598f7d9-9974-4bb0-afd5-f34c02905b33,15/Jul/26 2:31 PM,15/Jul/26 2:31 PM,,,,0,,,Bùi Quang Hiếu,712020:8598f7d9-9974-4bb0-afd5-f34c02905b33,,,,,,,,,,,0|i000wn:,SPRINT 9,,,2.0,,,To Do,15/Jul/26 2:31 PM
BE-S5-02: Giới hạn rút,SBS-65,10171,Feature,Done,SBS,Sprint_Backlog_SmartSpend,software,tranvinhtri2705,712020:9712f75f-c53b-43bc-94e9-d5939d878070,,Medium,Done,TrungHoang lê,712020:55551c28-ba57-4442-a23d-17b4aa99887f,TrungHoang lê,712020:55551c28-ba57-4442-a23d-17b4aa99887f,TrungHoang lê,712020:55551c28-ba57-4442-a23d-17b4aa99887f,15/Jul/26 2:30 PM,15/Jul/26 4:07 PM,15/Jul/26 4:02 PM,15/Jul/26 4:07 PM,,0,,,TrungHoang lê,712020:55551c28-ba57-4442-a23d-17b4aa99887f,,,,,,,,,,,0|i000vr:,SPRINT 5,,,3.0,,,Done,15/Jul/26 4:07 PM
FE-S9-01: Set budget UI,SBS-57,10163,Feature,To Do,SBS,Sprint_Backlog_SmartSpend,software,tranvinhtri2705,712020:9712f75f-c53b-43bc-94e9-d5939d878070,,Medium,,,,Bùi Quang Hiếu,712020:8598f7d9-9974-4bb0-afd5-f34c02905b33,Bùi Quang Hiếu,712020:8598f7d9-9974-4bb0-afd5-f34c02905b33,15/Jul/26 2:30 PM,15/Jul/26 2:30 PM,,,,0,,,Bùi Quang Hiếu,712020:8598f7d9-9974-4bb0-afd5-f34c02905b33,,,,,,,,,,,0|i000tz:,SPRINT 9,,,3.0,,,To Do,15/Jul/26 2:30 PM
BE-S5-01: Withdraw PayOS,SBS-56,10162,Feature,Done,SBS,Sprint_Backlog_SmartSpend,software,tranvinhtri2705,712020:9712f75f-c53b-43bc-94e9-d5939d878070,,Medium,Done,tranvinhtri2705,712020:9712f75f-c53b-43bc-94e9-d5939d878070,TrungHoang lê,712020:55551c28-ba57-4442-a23d-17b4aa99887f,TrungHoang lê,712020:55551c28-ba57-4442-a23d-17b4aa99887f,15/Jul/26 2:30 PM,15/Jul/26 4:07 PM,15/Jul/26 4:02 PM,15/Jul/26 4:07 PM,,0,,,TrungHoang lê,712020:55551c28-ba57-4442-a23d-17b4aa99887f,,,,,,,,,,,0|i000tr:,SPRINT 5,,,5.0,,,Done,15/Jul/26 4:07 PM
QA-S4-02: Test bank,SBS-51,10157,Feature,Done,SBS,Sprint_Backlog_SmartSpend,software,tranvinhtri2705,712020:9712f75f-c53b-43bc-94e9-d5939d878070,,Medium,Done,Bùi Quang Hiếu,712020:8598f7d9-9974-4bb0-afd5-f34c02905b33,TrungHoang lê,712020:55551c28-ba57-4442-a23d-17b4aa99887f,TrungHoang lê,712020:55551c28-ba57-4442-a23d-17b4aa99887f,15/Jul/26 2:29 PM,15/Jul/26 4:01 PM,15/Jul/26 3:59 PM,15/Jul/26 4:01 PM,,0,,,TrungHoang lê,712020:55551c28-ba57-4442-a23d-17b4aa99887f,,,,,,,,,,,0|i000kf:4,SPRINT 4,,,2.0,,,Done,15/Jul/26 4:01 PM
BE-S9-03: Alert,SBS-49,10155,Feature,To Do,SBS,Sprint_Backlog_SmartSpend,software,tranvinhtri2705,712020:9712f75f-c53b-43bc-94e9-d5939d878070,,Medium,,,,Bùi Quang Hiếu,712020:8598f7d9-9974-4bb0-afd5-f34c02905b33,Bùi Quang Hiếu,712020:8598f7d9-9974-4bb0-afd5-f34c02905b33,15/Jul/26 2:29 PM,15/Jul/26 2:29 PM,,,,0,,,Bùi Quang Hiếu,712020:8598f7d9-9974-4bb0-afd5-f34c02905b33,,,,,,,,,,,0|i000s7:,SPRINT 9,,,2.0,,,To Do,15/Jul/26 2:29 PM
QA-S4-01: Test nạp SePay,SBS-44,10150,Feature,Done,SBS,Sprint_Backlog_SmartSpend,software,tranvinhtri2705,712020:9712f75f-c53b-43bc-94e9-d5939d878070,,Medium,Done,Bùi Quang Hiếu,712020:8598f7d9-9974-4bb0-afd5-f34c02905b33,TrungHoang lê,712020:55551c28-ba57-4442-a23d-17b4aa99887f,TrungHoang lê,712020:55551c28-ba57-4442-a23d-17b4aa99887f,15/Jul/26 2:29 PM,15/Jul/26 4:01 PM,15/Jul/26 3:58 PM,15/Jul/26 4:01 PM,,0,,,TrungHoang lê,712020:55551c28-ba57-4442-a23d-17b4aa99887f,,,,,,,,,,,0|i000kf:9,SPRINT 4,,,3.0,,,Done,15/Jul/26 4:01 PM
FE-S4-04: Home carousel,SBS-39,10145,Feature,Done,SBS,Sprint_Backlog_SmartSpend,software,tranvinhtri2705,712020:9712f75f-c53b-43bc-94e9-d5939d878070,,Medium,Done,tranvinhtri2705,712020:9712f75f-c53b-43bc-94e9-d5939d878070,TrungHoang lê,712020:55551c28-ba57-4442-a23d-17b4aa99887f,TrungHoang lê,712020:55551c28-ba57-4442-a23d-17b4aa99887f,15/Jul/26 2:28 PM,15/Jul/26 4:01 PM,15/Jul/26 3:57 PM,15/Jul/26 4:01 PM,,0,,,TrungHoang lê,712020:55551c28-ba57-4442-a23d-17b4aa99887f,,,,,,,,,,,0|i000kf:i,SPRINT 4,,,2.0,,,Done,15/Jul/26 4:01 PM
FE-S4-03: Refresh sau nạp,SBS-34,10140,Feature,Done,SBS,Sprint_Backlog_SmartSpend,software,tranvinhtri2705,712020:9712f75f-c53b-43bc-94e9-d5939d878070,,Medium,Done,tranvinhtri2705,712020:9712f75f-c53b-43bc-94e9-d5939d878070,TrungHoang lê,712020:55551c28-ba57-4442-a23d-17b4aa99887f,TrungHoang lê,712020:55551c28-ba57-4442-a23d-17b4aa99887f,15/Jul/26 2:28 PM,15/Jul/26 4:01 PM,15/Jul/26 3:57 PM,15/Jul/26 4:01 PM,,0,,,TrungHoang lê,712020:55551c28-ba57-4442-a23d-17b4aa99887f,,,,,,,,,,,0|i000kg:,SPRINT 4,,,2.0,,,Done,15/Jul/26 4:01 PM
FE-S4-02: TopUp Checkout,SBS-28,10134,Feature,Done,SBS,Sprint_Backlog_SmartSpend,software,tranvinhtri2705,712020:9712f75f-c53b-43bc-94e9-d5939d878070,,Medium,Done,tranvinhtri2705,712020:9712f75f-c53b-43bc-94e9-d5939d878070,TrungHoang lê,712020:55551c28-ba57-4442-a23d-17b4aa99887f,TrungHoang lê,712020:55551c28-ba57-4442-a23d-17b4aa99887f,15/Jul/26 2:27 PM,15/Jul/26 4:01 PM,15/Jul/26 3:57 PM,15/Jul/26 4:01 PM,,0,,,TrungHoang lê,712020:55551c28-ba57-4442-a23d-17b4aa99887f,,,,,,,,,,,0|i000nj:,SPRINT 4,,,3.0,,,Done,15/Jul/26 4:01 PM
FE-S4-01: Add Bank,SBS-24,10130,Feature,Done,SBS,Sprint_Backlog_SmartSpend,software,tranvinhtri2705,712020:9712f75f-c53b-43bc-94e9-d5939d878070,,Medium,Done,tranvinhtri2705,712020:9712f75f-c53b-43bc-94e9-d5939d878070,TrungHoang lê,712020:55551c28-ba57-4442-a23d-17b4aa99887f,TrungHoang lê,712020:55551c28-ba57-4442-a23d-17b4aa99887f,15/Jul/26 2:27 PM,15/Jul/26 4:01 PM,15/Jul/26 3:56 PM,15/Jul/26 4:01 PM,,0,,,TrungHoang lê,712020:55551c28-ba57-4442-a23d-17b4aa99887f,,,,,,,,,,,0|i000kh:,SPRINT 4,,,3.0,,,Done,15/Jul/26 4:01 PM
BE-S4-04: Chống trùng webhook,SBS-17,10123,Feature,Done,SBS,Sprint_Backlog_SmartSpend,software,tranvinhtri2705,712020:9712f75f-c53b-43bc-94e9-d5939d878070,,Medium,Done,tranvinhtri2705,712020:9712f75f-c53b-43bc-94e9-d5939d878070,TrungHoang lê,712020:55551c28-ba57-4442-a23d-17b4aa99887f,TrungHoang lê,712020:55551c28-ba57-4442-a23d-17b4aa99887f,15/Jul/26 2:25 PM,15/Jul/26 4:01 PM,15/Jul/26 3:56 PM,15/Jul/26 4:01 PM,,0,,,TrungHoang lê,712020:55551c28-ba57-4442-a23d-17b4aa99887f,,,,,,,,,,,0|i000kj:,SPRINT 4,,,2.0,,,Done,15/Jul/26 4:01 PM
BE-S9-02: Progress,SBS-16,10122,Feature,To Do,SBS,Sprint_Backlog_SmartSpend,software,tranvinhtri2705,712020:9712f75f-c53b-43bc-94e9-d5939d878070,,Medium,,,,Bùi Quang Hiếu,712020:8598f7d9-9974-4bb0-afd5-f34c02905b33,Bùi Quang Hiếu,712020:8598f7d9-9974-4bb0-afd5-f34c02905b33,15/Jul/26 2:25 PM,15/Jul/26 2:25 PM,,,,0,,,Bùi Quang Hiếu,712020:8598f7d9-9974-4bb0-afd5-f34c02905b33,,,,,,,,,,,0|i000kv:,SPRINT 9,,,3.0,,,To Do,15/Jul/26 2:25 PM
BE-S4-03: SePay webhook,SBS-14,10120,Feature,Done,SBS,Sprint_Backlog_SmartSpend,software,tranvinhtri2705,712020:9712f75f-c53b-43bc-94e9-d5939d878070,,Medium,Done,tranvinhtri2705,712020:9712f75f-c53b-43bc-94e9-d5939d878070,TrungHoang lê,712020:55551c28-ba57-4442-a23d-17b4aa99887f,TrungHoang lê,712020:55551c28-ba57-4442-a23d-17b4aa99887f,15/Jul/26 2:25 PM,15/Jul/26 4:01 PM,15/Jul/26 3:55 PM,15/Jul/26 4:01 PM,,0,,,TrungHoang lê,712020:55551c28-ba57-4442-a23d-17b4aa99887f,,,,,,,,,,,0|i000kf:,SPRINT 4,,,5.0,,,Done,15/Jul/26 4:01 PM
BE-S9-01: Budget entity,SBS-9,10115,Feature,To Do,SBS,Sprint_Backlog_SmartSpend,software,tranvinhtri2705,712020:9712f75f-c53b-43bc-94e9-d5939d878070,,Medium,,,,Bùi Quang Hiếu,712020:8598f7d9-9974-4bb0-afd5-f34c02905b33,Bùi Quang Hiếu,712020:8598f7d9-9974-4bb0-afd5-f34c02905b33,15/Jul/26 2:24 PM,15/Jul/26 2:25 PM,,,,0,,,Bùi Quang Hiếu,712020:8598f7d9-9974-4bb0-afd5-f34c02905b33,,,,,,,,,,,0|i000jb:,SPRINT 9,,,3.0,,,To Do,15/Jul/26 2:24 PM
BE-S4-02: Top-up QR,SBS-8,10114,Feature,Done,SBS,Sprint_Backlog_SmartSpend,software,tranvinhtri2705,712020:9712f75f-c53b-43bc-94e9-d5939d878070,,Medium,Done,tranvinhtri2705,712020:9712f75f-c53b-43bc-94e9-d5939d878070,TrungHoang lê,712020:55551c28-ba57-4442-a23d-17b4aa99887f,TrungHoang lê,712020:55551c28-ba57-4442-a23d-17b4aa99887f,15/Jul/26 2:24 PM,15/Jul/26 4:01 PM,15/Jul/26 3:55 PM,15/Jul/26 4:01 PM,,0,,,TrungHoang lê,712020:55551c28-ba57-4442-a23d-17b4aa99887f,,,,,,,,,,,0|i000j3:,SPRINT 4,,,3.0,,,Done,15/Jul/26 4:01 PM
BE-S4-01: BankAccount CRUD ,SBS-2,10108,Feature,Done,SBS,Sprint_Backlog_SmartSpend,software,tranvinhtri2705,712020:9712f75f-c53b-43bc-94e9-d5939d878070,,Medium,Done,tranvinhtri2705,712020:9712f75f-c53b-43bc-94e9-d5939d878070,TrungHoang lê,712020:55551c28-ba57-4442-a23d-17b4aa99887f,TrungHoang lê,712020:55551c28-ba57-4442-a23d-17b4aa99887f,15/Jul/26 2:17 PM,15/Jul/26 4:01 PM,15/Jul/26 3:54 PM,15/Jul/26 4:01 PM,,0,,,TrungHoang lê,712020:55551c28-ba57-4442-a23d-17b4aa99887f,,,,,,,,,,,0|i000hz:,SPRINT 4,,,3.0,,,Done,15/Jul/26 4:01 PM
BE-S1-01: Khởi tạo Spring Boot multi-module,SBS-1,10107,Feature,Done,SBS,Sprint_Backlog_SmartSpend,software,tranvinhtri2705,712020:9712f75f-c53b-43bc-94e9-d5939d878070,,Medium,Done,tranvinhtri2705,712020:9712f75f-c53b-43bc-94e9-d5939d878070,tranvinhtri2705,712020:9712f75f-c53b-43bc-94e9-d5939d878070,tranvinhtri2705,712020:9712f75f-c53b-43bc-94e9-d5939d878070,15/Jul/26 2:14 PM,15/Jul/26 3:04 PM,,15/Jul/26 3:04 PM,,0,,,tranvinhtri2705,712020:9712f75f-c53b-43bc-94e9-d5939d878070,,,,,,,,,,,0|i000hr:,SPRINT 1,,,3.0,,,Done,15/Jul/26 3:04 PM
